"","Model","RMSE","AUC","Lift_5","Accuracy","Recall","Precision","Specificity","F1_Score"
"1","CoopLearn_r0.5_g6_p30",0.286327696390818,0.800662693853127,6.21241803177529,0.8714545200503,0.587628865979381,0.384023099133782,0.901204075331893,0.464493597206054
