cluster,n_train,response_train,n_test,response_test,col_3_mean,col_4_log_mean,col_4_mean,col_17,auc_train,auc_test
1,706,0.42492917847025496,195,0.4,240.25860155382907,3.583753121001892,96.62264150943396,3.993340732519423,0.7383990147783251,0.6512163050624589
2,3527,0.05075134675361497,864,0.04282407407407408,123.86244591209292,4.7475548857634955,432.435436119335,1.0,0.6750532294774501,0.5823719729402922
3,1828,0.3774617067833698,472,0.3516949152542373,228.47260869565218,3.880539056583241,127.1495652173913,2.042173913043478,0.7249955426504673,0.7029884242853768
4,5676,0.053735024665257224,1463,0.06425153793574846,268.49670822244013,4.121707275200949,84.29051687911472,1.0,0.6410480082776049,0.6207279735169328
5,3366,0.02703505644682115,818,0.028117359413202935,106.3305449330784,2.264479758958554,11.03991395793499,1.0,0.642915862763191,0.7133716160787531
6,3309,0.05469930492595951,792,0.04924242424242424,313.59107534747625,2.180221566453379,10.05340160936357,1.0,0.650839503468935,0.615963496441584
