cluster,n_train,response_train,n_test,response_test,col_3_mean,col_4_log_mean,col_4_mean,col_17,auc_train,auc_test
1,706,0.42492917847025496,195,0.4,240.25860155382907,3.583753121001892,96.62264150943396,3.993340732519423,0.7383990147783251,0.6512163050624589
2,2102,0.046622264509990484,528,0.03977272727272727,90.66577946768061,4.032974433024287,62.80190114068441,1.0,0.6575064157399487,0.5632572555649479
3,1425,0.056842105263157895,336,0.047619047619047616,173.44065871663827,5.81475908264261,984.4718909710392,1.0,0.7334104938271605,0.5548828125
4,1828,0.3774617067833698,472,0.3516949152542373,228.47260869565218,3.880539056583241,127.1495652173913,2.042173913043478,0.7249955426504673,0.7029884242853768
5,5676,0.053735024665257224,1463,0.06425153793574846,268.49670822244013,4.121707275200949,84.29051687911472,1.0,0.641055333591754,0.6219246848919073
6,3366,0.02703505644682115,818,0.028117359413202935,106.3305449330784,2.264479758958554,11.03991395793499,1.0,0.6425467662108884,0.7166529942575881
7,3309,0.05469930492595951,792,0.04924242424242424,313.59107534747625,2.180221566453379,10.05340160936357,1.0,0.6509401802998404,0.6157932373071815
